Category,Titles
Work,Meetings with colleagues or clients
Work,Project planning and brainstorming sessions
Work,Task prioritization and scheduling
Work,Researching industry trends or competitor analysis
Work,Creating presentations or reports
Work,Collaborating on documents or projects
Work,Training sessions or professional development workshops
Work,Checking and responding to emails
Work,Phone calls or virtual meetings
Work,Reviewing and approving documents or proposals
Work,Budgeting and financial planning
Work,Marketing campaigns or promotional activities
Work,Product development or innovation sessions
Work,Performance evaluations or feedback sessions
Work,Networking events or conferences
Work,Team-building activities or social gatherings
Work,Problem-solving or troubleshooting sessions
Work,Delegating tasks or assigning responsibilities
Work,Workplace wellness activities or initiatives
Work,Setting goals and tracking progress
Fitness,Cardiovascular Exercise
Fitness,Strength Training
Fitness,Flexibility and Mobility Work
Fitness,High-Intensity Interval Training
Fitness,Group Fitness Classes
Fitness,Sports Practice or Game
Fitness,Outdoor Activities
Fitness,Martial Arts Training
Fitness,Dance Classes
Fitness,Pilates or Barre Workouts
Fitness,Personal Training Sessions
Fitness,Virtual Fitness Classes or Workouts
Fitness,Getting Massage
Fitness,Core Strengthening Exercises
Fitness,"Plyometric Training (e.g., box jumps, jump squats)"
Fitness,Functional Fitness Workouts 
Fitness,Aqua Aerobics or Water Workouts
Fitness,Circuit Training Workouts
Fitness,Rehabilitation Exercises
Fitness,Nutritional Planning and Meal Preparation
Education,Attend Lectures or Classes
Education,Study Sessions for Exams
Education,Complete Homework Assignments
Education,Group Study Sessions
Education,Research for Projects or Papers
Education,Participate in Online Courses or Webinars
Education,Meet with Professors or Tutors for Clarification
Education,Attend Workshops or Seminars
Education,Practice Problem-Solving Exercises
Education,Prepare for Presentations or Speeches
Education,Review and Take Notes from Textbooks or Readings
Education,Collaborate on Group Projects
Education,Join Study Groups or Discussion Forums
Education,"Practice Language Skills (e.g., Vocabulary, Grammar)"
Education,Create Flashcards or Study Guides
Education,Write Essays or Research Papers
Education,Conduct Experiments or Lab Work
Education,"Work on Creative Projects (e.g., Art, Music)"
Education,Volunteer for Academic Events or Clubs
Education,Plan and Schedule Time for Self-directed Learning
Leisure,Movie night with friends or family
Leisure,Visiting a museum or art gallery
Leisure,Outdoor picnic or barbecue
Leisure,Attending a concert or music festival
Leisure,Going for a hike or nature walk
Leisure,Trying out a new restaurant or café
Leisure,Board game or card game night
Leisure,Gardening or spending time in the backyard
Leisure,Reading a book or listening to an audiobook
Leisure,Binge-watching a TV series or streaming movies
Leisure,Cooking or baking new recipes
Leisure,DIY arts and crafts projects
Leisure,Photography outing or exploring a new area
Leisure,Spa day or pampering session at home
Leisure,"Sports activities (e.g., playing tennis, basketball, or soccer)"
Leisure,Taking a day trip to a nearby town or attraction
Leisure,Yoga or meditation session for relaxation
Leisure,Shopping or browsing at local markets or malls
Leisure,Attending a sports game or match
Leisure,Stargazing or watching the sunset
Financial,Paying bills 
Financial,Budget planning and tracking expenses
Financial,Reviewing bank statements and reconciling accounts
Financial,Updating investment portfolios or retirement accounts
Financial,Researching investment opportunities
Financial,Meeting with a financial advisor or planner
Financial,Filing taxes and gathering necessary documents
Financial,Setting financial goals and creating a savings plan
Financial,Reviewing insurance policies and coverage
Financial,Monitoring credit scores and reports
Financial,Creating an emergency fund
Financial,Comparing and switching to better banking or credit options
Financial,Updating wills and estate planning documents
Financial,Negotiating bills or expenses 
Financial,Reviewing and optimizing debt repayment strategies
Financial,Researching and applying for financial aid or scholarships
Financial,Setting up automatic savings or investment transfers
Financial,Assessing and adjusting retirement contributions
Financial,Planning for major expenses
Financial,Attending financial literacy workshops or seminars
Volunteer,Attending volunteer orientation or training sessions
Volunteer,Planning and organizing volunteer events or fundraisers
Volunteer,Participating in community clean-up or beautification projects
Volunteer,Assisting with food drives or meal preparation for the homeless
Volunteer,Volunteering at a local shelter or soup kitchen
Volunteer,Tutoring or mentoring sessions for students or adults
Volunteer,Participating in environmental conservation projects
Volunteer,Assisting at animal shelters or wildlife rehabilitation centers
Volunteer,Visiting nursing homes or retirement communities to spend time with residents
Volunteer,Participating in disaster relief efforts or emergency response training
Volunteer,Organizing clothing or school supply drives for those in need
Volunteer,Serving meals at community centers or shelters
Volunteer,Volunteering at youth programs or after-school activities
Volunteer,Participating in blood drives or organizing blood donation events
Volunteer,Assisting with administrative tasks for nonprofit organizations
Volunteer,Volunteering at cultural events or festivals in the community
Volunteer,Participating in habitat restoration projects
Volunteer,Volunteering for literacy programs or adult education classes
Volunteer,Assisting with fundraising campaigns or grant writing for nonprofits
Volunteer,Serving on the board of directors or committees for nonprofit organizations
Projects,Project Kickoff Meeting
Projects,Define project objectives and scope
Projects,Conduct project research and analysis
Projects,Develop project timeline and milestones
Projects,Assign tasks and responsibilities to team members
Projects,Gather project requirements from stakeholders
Projects,Create project plan and schedule
Projects,Hold regular project status meetings
Projects,Monitor project progress and track key metrics
Projects,Review and approve project deliverables
Projects,Manage project budget and expenses
Projects,Coordinate with external vendors or partners
Projects,Conduct risk assessments and mitigation strategies
Projects,Implement project changes or updates
Projects,Resolve project issues or conflicts
Projects,Conduct project quality assurance checks
Projects,Prepare project documentation and reports
Projects,Present project updates to stakeholders
Projects,Conduct project closure meeting and evaluation
Projects,Celebrate project completion and success
Appointments,Doctor's Appointment
Appointments,Dentist Appointment
Appointments,Therapist or Counseling Session
Appointments,Haircut or Salon Appointment
Appointments,Veterinary Appointment for Pets
Appointments,Legal Consultation or Meeting with Lawyer
Appointments,Financial Advisor Meeting
Appointments,Real Estate Agent Appointment
Appointments,Home Inspection Appointment
Appointments,"Car Maintenance Appointment (e.g., oil change, tune-up)"
Appointments,Parent-Teacher Conference
Appointments,Meeting with Academic Advisor
Appointments,Job Interview
Appointments,Networking Event or Coffee Meeting
Appointments,Lunch Meeting with Colleagues or Clients
Appointments,Presentation or Pitch Meeting
Appointments,Business Meeting or Conference Call
Appointments,Appointment with a Nutritionist or Dietitian
Appointments,Tutoring Session
Appointments,Appointment with an Eye Doctor or Optometrist
Errands,Grocery Shopping
Errands,Pharmacy Pickup
Errands,Dry Cleaning Drop-off/Pick-up
Errands,Bank or ATM Visit
Errands,"Post Office Visit (e.g., sending mail, picking up packages)"
Errands,Car Wash or Service Appointment
Errands,Gas Station Visit
Errands,"Pet Store Visit (e.g., buying pet food, supplies)"
Errands,"Hardware Store Trip (e.g., purchasing home repair supplies)"
Errands,"Home Improvement Store Visit (e.g., buying paint, tools)"
Errands,"Electronics Store Visit (e.g., purchasing gadgets, accessories)"
Errands,"Clothing Store Visit (e.g., buying clothes, shoes)"
Errands,Gift Shopping for Special Occasions
Errands,"Library Visit (e.g., returning books, picking up holds)"
Errands,"Visit to the DMV or Government Office (e.g., renewing driver's license)"
Errands,Appointment with a Mechanic or Auto Repair Shop
Errands,Recycling or Donation Drop-off
Errands,Buying Office Supplies
Errands,Appointment with an Insurance Agent
Errands,Meeting with a Contractor or Service Provider for Home Repairs
Work,Meeting with a client at their office
Work,Brainstorming session for new marketing strategies
Work,Reviewing quarterly financial reports
Work,Attending a team-building workshop
Work,Interviewing potential candidates for a job opening
Work,Conducting performance reviews with team members
Work,Training session on new software tools
Work,Meeting with the marketing department to discuss upcoming campaigns
Work,Attending a trade show to network with industry professionals
Work,Participating in a webinar on leadership skills
Work,Lunch meeting with a business partner
Work,Conference call with remote team members
Work,Researching industry trends and competitor analysis
Work,Drafting a proposal for a new project
Work,Meeting with the legal department to review contracts
Work,Collaborating with designers on a new product prototype
Work,Reviewing and approving budget allocations
Work,Attending a workshop on time management
Work,Giving a presentation to stakeholders
Work,Conducting market research surveys
Work,Networking event with potential clients
Work,Brainstorming session for new product ideas
Work,Meeting with the IT department to discuss system upgrades
Work, Training session on conflict resolution
Work, Reviewing and updating company policies and procedures
Work, Attending a seminar on negotiation skills
Work, Interviewing vendors for a new partnership
Work, Lunch meeting with a mentor
Work, Conducting a site visit for a potential project location
Work, Meeting with HR to discuss employee benefits
Work, Video conference with international colleagues
Work, Reviewing and approving marketing materials
Work, Attending a professional development conference
Work, Meeting with the finance department to discuss budget projections
Work, Brainstorming session for a new advertising campaign
Work, Training session on diversity and inclusion
Work, Reviewing customer feedback and satisfaction surveys
Work, Attending a networking breakfast event
Work, Quarterly review meeting with the executive team
Work, Conducting a focus group for market research
Work, Meeting with the production team to discuss manufacturing schedules
Work, Lunch meeting with a potential investor
Work, Conference call with key clients
Work, Brainstorming session for process improvement ideas
Work, Training session on cybersecurity best practices
Work, Reviewing and updating project timelines
Work, Attending a workshop on public speaking skills
Work, Meeting with the sales team to discuss targets and strategies
Work, Video conference with cross-functional teams
Work, Conducting a risk assessment for a new project
Work, Meeting with the engineering department to discuss product specifications
Work, Attending a trade association meeting
Work, Lunch meeting with industry peers
Work, Quarterly review of sales performance
Work, Brainstorming session for cost-saving initiatives
Work, Training session on project management methodologies
Work, Reviewing and approving advertising contracts
Work, Attending a workshop on team collaboration
Work, Meeting with the legal team to discuss intellectual property rights
Work, Video conference with international partners
Work, Conducting a workshop on innovation and creativity
Work, Lunch meeting with a key supplier
Work, Quarterly review of customer acquisition metrics
Work, Brainstorming session for employee engagement activities
Work, Training session on performance improvement techniques
Work, Reviewing and approving employee training programs
Work, Attending a seminar on industry regulations
Work, Meeting with the procurement team to discuss vendor contracts
Work, Video conference with remote project teams
Work, Conducting a workshop on customer service excellence
Work, Lunch meeting with a potential client
Work, Quarterly review of project milestones
Work, Brainstorming session for sustainability initiatives
Work, Training session on change management
Work, Reviewing and updating product roadmaps
Work, Attending a workshop on data analysis techniques
Work, Meeting with the customer service team to address issues
Work, Video conference with suppliers for supply chain optimization
Work, Conducting a workshop on leadership development
Work, Lunch meeting with the company CEO
Fitness,Morning jog in the park
Fitness,High-intensity interval training (HIIT) session at the gym
Fitness,Yoga class at the local studio
Fitness,Swimming laps at the community pool
Fitness,Weightlifting session targeting upper body
Fitness,Cycling outdoors for cardio
Fitness,Pilates class for core strength
Fitness,Circuit training workout at home
Fitness,CrossFit session at the box
Fitness, Zumba dance fitness class
Fitness, Running on the treadmill at the gym
Fitness, Bodyweight exercises at the park
Fitness, Barre workout for toning
Fitness, Hiking in the mountains
Fitness, TRX suspension training session
Fitness, Kickboxing class for cardio and strength
Fitness, Group fitness class focusing on abs
Fitness, Powerlifting session for strength gains
Fitness, Spinning class at the gym
Fitness, Outdoor boot camp workout
Fitness, Stretching and flexibility session
Fitness, Indoor rowing for cardio and endurance
Fitness, Rock climbing at the indoor gym
Fitness, Tai Chi session for balance and relaxation
Fitness, Beach volleyball game with friends
Fitness, Body pump class for full-body workout
Fitness, Inline skating in the park
Fitness, Functional training session focusing on movement patterns
Fitness, Aerial yoga class for core and upper body strength
Fitness, Water aerobics session at the pool
Fitness, Agility drills and plyometrics
Fitness, Kayaking or canoeing on a nearby lake
Fitness, Ballet-inspired fitness class
Fitness, Obstacle course training
Fitness, Stand-up paddleboarding (SUP) on the river
Fitness, Calisthenics workout at the outdoor gym
Fitness, Indoor climbing session at the climbing gym
Fitness, Tabata training for high-intensity intervals
Fitness, Slacklining for balance and core stability
Fitness, Parkour training session
Fitness, Beach run on the sand
Fitness, Martial arts class for self-defense and discipline
Fitness, A long hike in nature
Fitness, Dance cardio workout at home
Fitness, Functional fitness circuit at the gym
Fitness, Interval sprints at the track
Fitness, Deep stretching and foam rolling session
Fitness, Outdoor yoga in the park
Fitness, Stair climbing workout for lower body strength
Fitness, TRX yoga fusion class
Fitness, Bodyweight HIIT workout at home
Fitness, Paddleboarding yoga (SUP yoga)
Fitness, Insanity workout for high-intensity cardio
Fitness, Cross-country skiing in winter
Fitness, Trail running in the forest
Fitness, Indoor skydiving for an adrenaline rush
Fitness, Park workout with resistance bands
Fitness, Balance board training for stability
Fitness, A hike to watch the sunrise or sunset
Fitness, Aquatic therapy session in the pool
Fitness, Beach volleyball tournament
Fitness, Yoga retreat weekend
Fitness, Bodyweight strength training in the backyard
Fitness, Slackline yoga (Slackasana)
Fitness, Indoor cycling class with virtual reality scenery
Fitness, Body combat class for cardio and martial arts moves
Fitness, Partner yoga session
Fitness, Beachside jog followed by a swim
Fitness, Mountain biking on challenging trails
Fitness, Aerial silks fitness class for upper body strength
Fitness, Indoor trampoline park for cardio and fun
Fitness, Sunrise/sunset yoga session on the rooftop
Fitness, Cross-country cycling adventure
Fitness, Nature trail walk for mindfulness
Fitness, Outdoor fitness boot camp in the park
Fitness, Rollerblading in the city
Fitness, Vinyasa flow yoga class
Fitness, Canyoning adventure for a thrilling workout
Fitness, Sand dune running for resistance training
Fitness, Forest bathing walk for relaxation and stress relief
Education,Attending a lecture on quantum physics
Education,Participating in a group discussion on literature analysis
Education,Taking a quiz on historical events
Education,Training for a debate competition
Education,Practicing for a math Olympiad
Education,Attending a workshop on creative writing
Education,Studying for a midterm exam in biology
Education,Working on a group project for a business class
Education,Reviewing vocabulary for a language proficiency test
Education, Researching for a term paper on environmental science
Education, Attending a seminar on career development
Education, Participating in a mock trial for law studies
Education, Conducting experiments in a chemistry lab
Education, Practicing coding skills for a programming competition
Education, Attending a guest lecture by a visiting scholar
Education, Writing an essay on political philosophy
Education, Preparing for a model United Nations conference
Education, Studying for a standardized test like the SAT or ACT
Education, Attending a webinar on financial literacy
Education, Practicing musical scales for a piano recital
Education, Researching case studies for a psychology project
Education, Taking a practice exam for a professional certification
Education, Working on a multimedia presentation for a history class
Education, Attending a study group for calculus
Education, Practicing for a robotics competition
Education, Reviewing anatomy diagrams for a medical exam
Education, Writing a research proposal for a grant application
Education, Attending a workshop on time management skills
Education, Preparing flashcards for a foreign language vocabulary test
Education, Studying for a bar exam
Education, Participating in a science fair project
Education, Analyzing data for a sociology research paper
Education, Practicing for a spelling bee competition
Education, Attending a lecture series on ancient civilizations
Education, Reviewing past exam papers for a physics test
Education, Writing a literature review for a dissertation
Education, Preparing for a piano performance exam
Education, Practicing for a dance recital
Education, Attending a seminar on study abroad opportunities
Education, Working on a coding project for a computer science class
Education, Studying for a professional licensure exam
Education, Participating in a field trip to a historical site
Education, Practicing for a robotics demonstration
Education, Attending a workshop on academic writing techniques
Education, Reviewing grammar rules for an English proficiency test
Education, Writing a research paper on climate change
Education, Preparing for a chemistry lab practical exam
Education, Practicing for a debate tournament
Education, Attending a seminar on career exploration
Education, Studying for a certification exam in project management
Education, Participating in a mock job interview
Education, Analyzing literary texts for a book club discussion
Education, Practicing for a theater production
Education, Attending a workshop on presentation skills
Education, Reviewing historical timelines for a world history exam
Education, Writing a personal statement for college applications
Education, Preparing for a geography bee competition
Education, Practicing for a music ensemble performance
Education, Attending a seminar on research methodologies
Education, Studying for a final exam in economics
Education, Participating in a mock United Nations simulation
Education, Analyzing data for a statistics project
Education, Practicing for a debate on current events
Education, Attending a workshop on public speaking techniques
Education, Reviewing past papers for a chemistry Olympiad
Education, Writing a research proposal for a psychology experiment
Education, Preparing for a mock trial competition
Education, Practicing for a science fair presentation
Education, Attending a seminar on college admissions
Education, Studying for a standardized test like the GRE or GMAT
Education, Participating in a model Congress simulation
Education, Analyzing literary themes for a book analysis
Education, Practicing for a musical audition
Education, Attending a workshop on critical thinking skills
Education, Reviewing vocabulary for a foreign language exam
Education, Writing a research paper for a sociology class
Education, Preparing for a debate on ethics
Education, Practicing for a public speaking contest
Education, Attending a seminar on study skills
Education, Studying for a comprehensive exam in history
Leisure,Family picnic in the park
Leisure,Going to the beach with friends
Leisure,Nature hiking trip in the mountains
Leisure,Traveling to a new city for sightseeing
Leisure,Visiting a museum to explore art and history
Leisure,Dinner date at a fancy restaurant
Leisure,Karaoke night with friends at a local bar
Leisure,Movie night at home with popcorn and snacks
Leisure,Attending a music concert or live performance
Leisure, Weekend getaway to a cozy cabin in the woods
Leisure, Exploring a nearby town's farmer's market
Leisure, Road trip with friends to scenic destinations
Leisure, Visiting a theme park for thrill rides and fun
Leisure, Relaxing day at the spa for pampering and massages
Leisure, Outdoor barbecue party with neighbors
Leisure, Going to a sports game or match
Leisure, Wine tasting tour at local vineyards
Leisure, Camping trip under the stars
Leisure, Attending a food festival to try different cuisines
Leisure, Taking a scenic train ride through the countryside
Leisure, Book club meeting at a coffee shop
Leisure, Attending a cooking class to learn new recipes
Leisure, Sightseeing tour of historical landmarks in the city
Leisure, Game night with board games and card games
Leisure, Visiting a botanical garden to admire the flowers
Leisure, Beach bonfire with roasted marshmallows
Leisure, Exploring a nearby national park for outdoor adventures
Leisure, Attending a yoga retreat for relaxation and mindfulness
Leisure, Going on a hot air balloon ride for aerial views
Leisure, Painting class with friends for artistic expression
Leisure, Visiting an amusement park for roller coasters and attractions
Leisure, Day trip to the zoo to see exotic animals
Leisure, Fishing trip at the lake or river
Leisure, Attending a stand-up comedy show for laughter
Leisure, Visiting an aquarium to see marine life
Leisure, Outdoor photography excursion to capture nature's beauty
Leisure, Wine and paint night with friends
Leisure, Taking a dance class to learn new moves
Leisure, Attending a music festival for live music and entertainment
Leisure, Picnic in the countryside with homemade sandwiches
Leisure, Visiting a botanical garden for a peaceful stroll
Leisure, Going on a shopping spree at the mall
Leisure, Visiting a nearby island for snorkeling and swimming
Leisure, Exploring a nearby forest for birdwatching
Leisure, Attending a pottery workshop to make ceramics
Leisure, Day trip to a nearby waterfall for scenic views
Leisure, Going to a rooftop bar for drinks with a view
Leisure, Visiting a historic village for a glimpse into the past
Leisure, Taking a scenic drive along coastal roads
Leisure, Attending a street food festival for culinary delights
Leisure, Visiting a local farm for fruit picking
Leisure, Going on a horseback riding adventure in the countryside
Leisure, Exploring a nearby cave for spelunking
Leisure, Attending a beer tasting event at a brewery
Leisure, Visiting a butterfly garden to see colorful butterflies
Leisure, Going on a photography walk in the city
Leisure, Visiting a nearby waterfall for a refreshing swim
Leisure, Taking a pottery class to make ceramic creations
Leisure, Going on a birdwatching excursion in the forest
Leisure, Attending a rooftop yoga session for relaxation
Leisure, Exploring a nearby lighthouse for scenic views
Leisure, Taking a painting class to unleash creativity
Leisure, Going on a sunset cruise for romantic views
Leisure, Visiting a nearby botanical garden for a peaceful walk
Leisure, Taking a cooking class to learn new culinary skills
Leisure, Going on a bike ride along scenic trails
Leisure, Attending a wine and cheese tasting event
Leisure, Visiting a nearby farm for a hayride and pumpkin picking
Leisure, Exploring a nearby nature reserve for wildlife spotting
Leisure, Going on a scenic drive through the countryside
Leisure, Taking a calligraphy class to learn elegant writing
Leisure, Attending a beer brewing workshop to make craft beer
Leisure, Visiting a nearby arboretum for a relaxing walk
Leisure, Going on a ghost tour to explore haunted locations
Leisure, Taking a pottery workshop to make ceramic pots
Leisure, Attending a cooking demonstration by a celebrity chef
Leisure, Visiting a nearby botanical garden for a guided tour
Leisure, Going on a scenic helicopter ride for aerial views
Leisure, Taking a painting class to create a masterpiece
Leisure, Attending a wine pairing dinner for gourmet cuisine and wine
Financial,Meeting with a financial advisor to discuss investment options
Financial,Setting up a retirement savings account
Financial,Reviewing monthly expenses and creating a budget
Financial,Going to the bank to open a checking account
Financial,Withdrawing cash from an ATM for daily expenses
Financial,Meeting with a mortgage broker to discuss home loan options
Financial,Paying bills online through banking apps or websites
Financial,Setting up automatic transfers for savings goals
Financial,Meeting with a tax accountant to file annual taxes
Financial, Reviewing credit card statements for fraudulent charges
Financial, Researching different credit card options for rewards and benefits
Financial, Applying for a personal loan to consolidate debt
Financial, Checking credit reports for accuracy and discrepancies
Financial, Meeting with an insurance agent to review policies
Financial, Setting financial goals for the year ahead
Financial, Reviewing investment portfolio performance
Financial, Researching stocks and bonds for potential investments
Financial, Meeting with a real estate agent to explore property investments
Financial, Refinancing a mortgage for lower interest rates
Financial, Updating beneficiaries on insurance policies and retirement accounts
Financial, Reviewing and updating wills and estate plans
Financial, Setting up a college savings account for children
Financial, Researching and comparing different savings accounts for higher interest rates
Financial, Meeting with a debt counselor to create a repayment plan
Financial, Applying for a business loan to start a new venture
Financial, Reviewing and updating investment strategy based on market trends
Financial, Setting up a trust fund for future financial security
Financial, Meeting with a lawyer to draft legal documents for financial planning
Financial, Researching and investing in mutual funds for diversified portfolios
Financial, Reviewing and optimizing insurance coverage for maximum protection
Financial, Meeting with a financial planner to review retirement plans
Financial, Setting up automatic bill payments to avoid late fees
Financial, Researching and comparing different insurance providers for better rates
Financial, Reviewing and updating emergency fund savings goals
Financial, Meeting with a credit counselor to improve credit score
Financial, Researching and investing in exchange-traded funds (ETFs) for low-cost diversification
Financial, Reviewing and updating investment allocation based on risk tolerance
Financial, Setting up a Health Savings Account (HSA) for medical expenses
Financial, Meeting with a wealth manager to discuss long-term financial strategies
Financial, Researching and comparing different types of life insurance policies
Financial, Reviewing and updating investment objectives and time horizon
Financial, Setting up a charitable giving plan for tax benefits
Financial, Researching and investing in real estate investment trusts (REITs) for passive income
Financial, Reviewing and updating retirement income projections
Financial, Setting up a budgeting app for tracking expenses
Financial, Researching and investing in peer-to-peer lending platforms for higher returns
Financial, Reviewing and optimizing investment fees and expenses
Financial, Setting up automatic contributions to retirement accounts
Financial, Researching and investing in individual stocks for growth potential
Financial, Reviewing and updating risk management strategies
Financial, Setting up a designated emergency fund for unexpected expenses
Financial, Researching and investing in commodities for portfolio diversification
Financial, Reviewing and updating estate planning documents
Financial, Setting up a college fund for grandchildren
Financial, Researching and investing in municipal bonds for tax-free income
Financial, Reviewing and updating financial goals based on changing circumstances
Financial, Setting up a budgeting spreadsheet for tracking income and expenses
Financial, Researching and investing in international markets for global diversification
Financial, Reviewing and updating investment performance benchmarks
Financial, Setting up a 529 savings plan for education expenses
Financial," Researching and investing in environmental, social, and governance (ESG) funds"
Financial, Reviewing and updating retirement withdrawal strategies
Financial, Setting up a home equity line of credit for emergencies
Financial, Researching and investing in alternative assets like cryptocurrencies
Financial, Reviewing and updating investment policy statements
Financial, Setting up automatic contributions to education savings accounts
Financial, Researching and investing in dividend-paying stocks for income
Financial, Reviewing and updating tax planning strategies
Financial, Setting up a high-yield savings account for short-term goals
Financial, Researching and investing in growth stocks for capital appreciation
Financial, Reviewing and updating asset allocation based on changing market conditions
Financial, Setting up a Roth IRA for tax-free retirement income
Financial, Researching and investing in value stocks for long-term growth potential
Financial, Reviewing and updating retirement income withdrawal rates
Financial, Setting up a health reimbursement arrangement (HRA) for medical expenses
Financial, Researching and investing in sector-specific funds for targeted exposure
Financial, Reviewing and updating investment risk tolerance
Financial, Setting up a trust account for children's inheritance
Financial, Researching and investing in precious metals for portfolio diversification
Financial, Reviewing and updating financial planning strategies regularly
Volunteer,Volunteering at a local soup kitchen to serve meals to the homeless
Volunteer,Participating in a beach clean-up to protect marine ecosystems
Volunteer,Tutoring children at an after-school program
Volunteer,Volunteering at an animal shelter to walk dogs or socialize cats
Volunteer,Helping out at a community garden to grow fresh produce for those in need
Volunteer,Assisting with habitat restoration projects in local parks
Volunteer,Volunteering at a nursing home to spend time with elderly residents
Volunteer,Participating in a neighborhood watch program to improve safety
Volunteer,Sorting donations at a food bank to distribute to families facing hunger
Volunteer, Assisting with disaster relief efforts in areas affected by natural disasters
Volunteer, Volunteering at a literacy program to teach adults how to read
Volunteer, Mentoring a young person through a local youth organization
Volunteer, Participating in a fundraising event for a charitable cause
Volunteer, Volunteering at a hospital to comfort patients and assist staff
Volunteer, Planting trees in urban areas to improve air quality
Volunteer, Assisting with fundraising efforts for local schools or nonprofits
Volunteer, Volunteering at a homeless shelter to provide support and resources
Volunteer, Participating in a blood drive to help save lives
Volunteer, Volunteering at a community center to organize activities for youth
Volunteer, Assisting with a disaster preparedness workshop to educate the community
Volunteer, Volunteering at a thrift store to sort donations and assist customers
Volunteer, Participating in a mentorship program for at-risk youth
Volunteer, Volunteering at a community center to serve meals to seniors
Volunteer, Assisting with environmental education programs for children
Volunteer, Volunteering at a women's shelter to provide support and resources
Volunteer, Participating in a community clean-up day to beautify neighborhoods
Volunteer, Volunteering at a local library to help with book shelving and events
Volunteer, Assisting with pet adoption events to find homes for animals in need
Volunteer, Volunteering at a community health clinic to provide basic medical care
Volunteer, Participating in a sports program for children with disabilities
Volunteer, Volunteering at a community theater to help with productions and events
Volunteer, Assisting with a community art project to beautify public spaces
Volunteer, Volunteering at a summer camp for children from low-income families
Volunteer, Participating in a peer mentoring program for individuals with disabilities
Volunteer, Volunteering at a community bike repair shop to fix bicycles for those in need
Volunteer, Assisting with a community survey to gather data for local improvement projects
Volunteer, Volunteering at a community kitchen to cook meals for those in need
Volunteer, Participating in a disaster response training to prepare for emergencies
Volunteer, Volunteering at a local farm to help with harvesting and planting
Volunteer, Assisting with a community recycling program to promote sustainability
Volunteer, Volunteering at a community legal clinic to provide legal assistance
Volunteer, Participating in a program to distribute hygiene kits to the homeless
Volunteer, Volunteering at a community center to teach computer skills to seniors
Volunteer, Assisting with a community playground build to create safe spaces for children
Volunteer, Volunteering at a community daycare center to care for children
Volunteer, Participating in a program to provide backpacks and school supplies to students in need
Volunteer, Volunteering at a community bike share program to maintain bicycles
Volunteer, Assisting with a community beautification project to plant flowers and trees
Volunteer, Volunteering at a community job fair to help individuals find employment
Volunteer, Participating in a program to provide meals to homebound seniors
Volunteer, Volunteering at a community center to teach English as a second language
Volunteer, Assisting with a community bike safety workshop for children
Volunteer, Volunteering at a community theater to provide behind-the-scenes support
Volunteer, Participating in a program to provide free legal assistance to low-income individuals
Volunteer, Volunteering at a community center to organize recreational activities for youth
Volunteer, Assisting with a community health fair to provide free screenings and resources
Volunteer, Volunteering at a community garden to help with planting and maintenance
Volunteer, Participating in a program to provide free tax preparation assistance to low-income families
Volunteer, Volunteering at a community senior center to provide companionship and support
Volunteer, Assisting with a community literacy program to promote reading and literacy skills
Volunteer, Volunteering at a community bike repair clinic to fix bicycles for those in need
Volunteer, Participating in a program to provide free legal aid to immigrants and refugees
Volunteer, Volunteering at a community center to organize cultural events and celebrations
Volunteer, Assisting with a community disaster relief drive to collect supplies for those in need
Volunteer, Volunteering at a community food pantry to distribute food to families facing hunger
Volunteer, Participating in a program to provide free medical screenings and vaccinations to underserved communities
Volunteer, Volunteering at a community center to provide homework help and tutoring for students
Volunteer, Assisting with a community technology workshop to teach digital skills to residents
Volunteer, Volunteering at a community theater to assist with set construction and costume design
Volunteer, Participating in a program to provide free legal representation to individuals in need
Volunteer, Volunteering at a community center to organize recreational sports leagues for youth
Volunteer, Assisting with a community disaster preparedness workshop to educate residents
Volunteer, Volunteering at a community garden to help with composting and recycling efforts
Volunteer, Participating in a program to provide free mental health counseling to low-income individuals
Volunteer, Volunteering at a community center to teach financial literacy and money management skills
Volunteer, Assisting with a community art project to create murals and public art installations
Volunteer, Volunteering at a community bike share program to educate riders on safety and maintenance
Volunteer, Participating in a program to provide free legal assistance to victims of domestic violence
Volunteer, Volunteering at a community center to organize cultural festivals and events
Volunteer, Assisting with a community disaster response team to provide aid during emergencies
Projects,Brainstorming session to generate project ideas
Projects,Conducting market research for project validation
Projects,Creating a project plan outline
Projects,Researching relevant literature for project background
Projects,Identifying project stakeholders and forming a team
Projects,Defining project objectives and deliverables
Projects,Gathering necessary resources and materials for the project
Projects,Developing a project timeline and milestones
Projects,Holding a kickoff meeting to introduce the project to the team
Projects, Conducting interviews with subject matter experts for project insights
Projects, Drafting project proposals for review and approval
Projects, Conducting feasibility studies to assess project viability
Projects, Setting up project management tools and software
Projects, Creating a project budget and allocating resources
Projects, Holding a stakeholder meeting to gather input and feedback
Projects, Developing project specifications and requirements
Projects, Conducting risk assessments and developing mitigation plans
Projects, Creating project wireframes or prototypes
Projects, Conducting user testing and gathering feedback
Projects, Iterating on project designs based on user feedback
Projects," Developing project documentation, such as manuals or guides"
Projects, Building project components or modules
Projects, Conducting code reviews and testing for quality assurance
Projects, Integrating project components into a cohesive system
Projects, Conducting system testing and debugging
Projects, Creating project presentations for stakeholders or clients
Projects, Holding progress review meetings with the project team
Projects, Addressing any issues or roadblocks encountered during project development
Projects, Conducting user training sessions for project implementation
Projects, Deploying the project to production or release
Projects, Conducting a project post-mortem to evaluate successes and areas for improvement
Projects, Documenting lessons learned from the project for future reference
Projects, Archiving project files and documentation for future use
Projects, Holding a project celebration event to recognize team efforts
Projects, Conducting follow-up surveys or interviews with project stakeholders
Projects, Developing a plan for ongoing project maintenance and support
Projects, Conducting user acceptance testing (UAT) for final project approval
Projects, Rolling out the project to end-users or customers
Projects, Monitoring project performance and metrics
Projects, Conducting periodic project status updates with stakeholders
Projects, Identifying and implementing project optimizations or enhancements
Projects, Managing change requests and updates to the project
Projects, Conducting training sessions for new project team members
Projects, Conducting performance reviews for project team members
Projects, Conducting a project retrospective to reflect on successes and challenges
Projects, Implementing feedback from project retrospectives into future projects
Projects, Identifying opportunities for future projects based on project outcomes
Projects, Conducting benchmarking studies to compare project performance
Projects, Developing case studies or white papers based on project success stories
Projects, Conducting market research for potential follow-up projects
Projects, Identifying lessons learned from past projects to inform current projects
Projects, Conducting customer surveys to gather feedback on project outcomes
Projects, Hosting webinars or workshops to share project insights
Projects, Creating project templates or frameworks for future use
Projects, Conducting focus groups to gather input on potential project ideas
Projects, Analyzing project data and metrics to inform decision-making
Projects, Conducting interviews with project team members to gather insights
Projects, Developing project roadmaps for long-term planning
Projects, Conducting competitor analysis for project differentiation
Projects, Hosting industry events or conferences to showcase project achievements
Projects, Conducting workshops or training sessions based on project learnings
Projects, Creating project dashboards for real-time monitoring
Projects, Conducting pilot tests or trials for new project features or ideas
Projects, Analyzing project risks and developing contingency plans
Projects, Conducting surveys to gather input on project direction
Projects, Creating project pitch decks for potential investors or stakeholders
Projects, Hosting networking events to build partnerships for future projects
Projects, Conducting market segmentation analysis for targeted project development
Projects, Developing project prototypes for proof of concept
Projects, Conducting scenario planning exercises for project risk management
Projects, Creating project branding and marketing materials
Projects, Hosting feedback sessions with beta users or early adopters
Projects, Conducting usability testing for project user experience
Projects, Developing project performance metrics and KPIs
Projects, Conducting focus groups to gather input on project design
Projects, Hosting hackathons or innovation challenges for project ideation
Projects, Conducting gap analysis to identify areas for project improvement
Projects, Developing project communication plans for stakeholder engagement
Projects, Conducting user journey mapping for project user experience optimization
Projects, Hosting ideation workshops to generate new project concepts
Appointments,Doctor's appointment for a check-up
Appointments,Dentist appointment for a cleaning
Appointments,Meeting with a therapist for a counseling session
Appointments,Haircut appointment at the salon
Appointments,Lunch date with a friend at a restaurant
Appointments,Meeting with a financial advisor to discuss investments
Appointments,Eye exam appointment with an optometrist
Appointments,Coffee meeting with a colleague to discuss a project
Appointments,Physical therapy appointment for rehabilitation
Appointments, Dinner date with a partner at a fancy restaurant
Appointments, Meeting with a career counselor for job advice
Appointments, Meeting with a personal trainer for a fitness session
Appointments, Appointment with a nutritionist to discuss dietary plans
Appointments, Brunch date with family at a local cafe
Appointments, Meeting with a tutor for academic assistance
Appointments, Massage appointment at a spa for relaxation
Appointments, Meeting with a real estate agent to view properties
Appointments, Happy hour with friends at a bar
Appointments, Appointment with a chiropractor for spinal adjustment
Appointments, Video call with a long-distance friend
Appointments, Meeting with a mentor for professional guidance
Appointments, Appointment with a dermatologist for a skincare consultation
Appointments, Tea date with a friend at a cozy cafe
Appointments, Meeting with a lawyer to discuss legal matters
Appointments, Appointment with an acupuncturist for holistic therapy
Appointments, Picnic date with friends at the park
Appointments, Meeting with a tax advisor for financial planning
Appointments, Appointment with an allergist for allergy testing
Appointments, Movie night with friends at the cinema
Appointments, Meeting with a home decorator for interior design ideas
Appointments, Appointment with a masseuse for a deep tissue massage
Appointments, Game night with friends at someone's house
Appointments, Meeting with a wedding planner to discuss arrangements
Appointments, Appointment with a veterinarian for pet vaccinations
Appointments, Bowling night with friends at the bowling alley
Appointments, Meeting with a life coach for personal development
Appointments, Appointment with an orthodontist for braces adjustment
Appointments, Karaoke night with friends at a karaoke bar
Appointments, Meeting with a travel agent to plan a vacation
Appointments, Appointment with an audiologist for hearing tests
Appointments, BBQ party with friends in the backyard
Appointments, Meeting with a spiritual advisor for guidance
Appointments, Appointment with a fertility specialist for family planning
Appointments, Board game night with friends at a board game cafe
Appointments, Meeting with a contractor to discuss home renovations
Appointments, Appointment with a gynecologist for a check-up
Appointments, Potluck dinner with friends at someone's house
Appointments, Meeting with a technology consultant for IT support
Appointments, Appointment with a podiatrist for foot care
Appointments, Beach day with friends for sun and relaxation
Appointments, Meeting with a personal stylist for fashion advice
Appointments, Appointment with a psychologist for therapy
Appointments, Hiking trip with friends in the mountains
Appointments, Meeting with a career coach for job search strategies
Appointments, Appointment with an orthopedist for joint pain
Appointments, Picnic lunch with colleagues in the office park
Appointments, Meeting with a fertility doctor for fertility treatments
Appointments, Appointment with a sleep specialist for insomnia
Appointments, Dinner party with friends at someone's home
Appointments, Meeting with a nutritionist for meal planning
Appointments, Appointment with a physical therapist for injury rehabilitation
Appointments, Game night with friends at a board game cafe
Appointments, Meeting with a pet trainer for obedience training
Appointments, Appointment with a plastic surgeon for cosmetic procedures
Appointments, Wine tasting with friends at a vineyard
Appointments, Meeting with a contractor to discuss home repairs
Appointments, Appointment with a cardiologist for heart health check-up
Appointments, Brunch with friends at a trendy restaurant
Appointments, Meeting with a tutor for exam preparation
Appointments, Appointment with an endocrinologist for hormone evaluation
Appointments, Picnic in the park with family and friends
Appointments, Meeting with a wedding photographer to discuss packages
Appointments, Appointment with a rheumatologist for arthritis treatment
Appointments, BBQ party with friends in the backyard
Appointments, Meeting with a grief counselor for bereavement support
Appointments, Appointment with a genetic counselor for genetic testing
Appointments, Movie night with friends at home
Appointments, Meeting with a financial planner for retirement planning
Appointments, Appointment with an oncologist for cancer treatment
Appointments, Dinner with friends at a new restaurant
Errands,Picking up dry cleaning
Errands,Dropping off packages at the post office
Errands,Returning library books
Errands,Buying groceries for the week
Errands,Dropping off donations at a local charity
Errands,Getting an oil change for the car
Errands,Going to the bank to deposit a check
Errands,Filling up the car with gas
Errands,Getting a haircut at the salon
Errands, Returning items to the store
Errands, Buying a birthday present for a friend
Errands, Getting a prescription filled at the pharmacy
Errands, Dropping off paperwork at the office
Errands, Buying stamps at the post office
Errands, Taking the dog to the groomer
Errands, Getting the car washed and detailed
Errands, Picking up a cake for a special occasion
Errands, Buying flowers for a loved one
Errands, Getting the car inspected
Errands, Going to the hardware store for supplies
Errands, Dropping off packages at the UPS store
Errands, Buying a new outfit for an event
Errands, Getting the tires rotated and balanced
Errands, Returning bottles and cans for recycling
Errands, Buying a gift card for a friend
Errands, Getting photos printed at the store
Errands, Dropping off clothes at the dry cleaner
Errands, Buying office supplies for work
Errands, Getting the car serviced at the mechanic
Errands, Returning a rental car to the agency
Errands, Buying a new phone charger
Errands, Getting a new pair of shoes
Errands, Picking up a prescription at the pharmacy
Errands, Buying ingredients for dinner
Errands, Getting the car registered at the DMV
Errands, Returning a tool borrowed from a neighbor
Errands, Buying a new pillow for better sleep
Errands, Getting a manicure or pedicure
Errands, Dropping off books at the library
Errands, Buying household cleaning supplies
Errands, Getting a passport photo taken
Errands, Returning a faulty appliance to the store
Errands, Buying a new kitchen appliance
Errands, Getting the car detailed
Errands, Returning a defective item to the manufacturer
Errands, Buying school supplies for the kids
Errands, Getting the car aligned
Errands, Dropping off a package at a friend's house
Errands, Buying a new book to read
Errands, Getting the car's windshield replaced
Errands, Returning borrowed items to friends or family
Errands, Buying a new mattress for better sleep
Errands, Getting the car's battery replaced
Errands, Dropping off donations at a homeless shelter
Errands, Buying a new pet toy or accessory
Errands, Getting the car's interior cleaned
Errands, Returning unused items to the store
Errands, Buying a new piece of furniture
Errands, Getting the car's brakes checked
Errands, Dropping off items at a consignment store
Errands, Buying a new plant for the home
Errands, Getting the car's oil changed
Errands, Returning rented equipment to the rental shop
Errands, Buying a new piece of artwork for the home
Errands, Getting the car's headlights replaced
Errands, Dropping off recycling at the recycling center
Errands, Buying a new pet bed or crate
Errands, Getting the car's air conditioning serviced
Errands, Returning a borrowed movie or game to a friend
Errands, Buying a new piece of exercise equipment
Errands, Getting the car's windshield wipers replaced
Errands, Dropping off old electronics for recycling
Errands, Buying a new piece of jewelry
Errands, Getting the car's tires replaced
Errands, Returning borrowed tools to the neighbor
Errands, Buying a new kitchen gadget or appliance
Errands, Getting the car's upholstery cleaned
Errands, Dropping off old clothing at a donation center
Errands, Buying a new piece of home decor
Errands, Getting the car's fluids checked and topped up
